date,0,1,2,3,4,5,6,7,8,9,10,11,12,13,14,15,16
2010-01-01,0,0,0,0,0,0,0,0,0,0,0,0,0,0,0,0,0
2010-01-02,0,0,0,0,0,2,6,0,0,0,0,0,0,0,0,0,0
2010-01-03,0,0,0,0,0,0,0,0,0,0,0,0,0,0,0,0,0
2010-01-04,0,0,0,0,0,0,0,0,0,0,0,0,0,0,0,0,0
2010-01-05,0,0,0,0,0,29,10,0,0,0,4,0,0,0,0,0,0
2010-01-06,0,0,0,0,0,0,0,0,0,0,0,0,0,0,0,0,0
2010-01-07,0,0,0,0,0,0,0,0,0,0,0,0,0,1,0,23,0
2010-01-08,0,0,0,0,0,0,0,0,0,0,0,0,0,0,0,0,0
2010-01-09,0,0,0,0,1,27,8,1,5,0,1,0,0,5,0,0,0
2010-01-10,0,0,0,0,0,0,0,0,0,0,0,0,0,0,0,0,0
2010-01-11,0,0,0,0,0,0,0,0,0,0,0,0,0,0,0,0,0
2010-01-12,0,0,0,0,0,0,13,55,0,0,0,0,0,3,0,2,0
2010-01-13,0,0,0,0,0,0,0,0,0,0,0,0,0,0,0,0,0
2010-01-14,0,0,0,0,2,0,20,0,7,0,0,0,0,1,0,0,0
2010-01-15,0,0,0,0,0,0,0,0,0,0,0,0,0,0,0,0,0
2010-01-16,0,0,4,0,1,1,24,2,5,0,2,0,0,5,0,0,0
2010-01-17,0,0,0,0,0,0,0,0,0,0,0,0,0,0,0,0,0
2010-01-18,0,0,0,0,0,0,0,0,0,0,0,0,0,0,0,0,0
2010-01-19,0,0,0,0,1,0,11,5,3,0,15,0,0,1,0,0,0
2010-01-20,0,0,0,0,0,0,0,0,0,0,0,0,0,0,0,0,0
2010-01-21,0,0,1,0,0,2,17,10,0,10,0,0,0,0,0,0,0
2010-01-22,0,0,0,0,0,0,0,0,0,0,0,0,0,0,0,0,0
2010-01-23,0,0,0,2,0,0,1,10,14,3,13,2,0,2,13,0,0
2010-01-24,0,0,0,0,0,0,0,0,0,0,0,0,0,0,0,0,0
2010-01-25,0,0,0,0,0,0,0,0,0,0,0,0,0,0,0,0,0
2010-01-26,0,0,0,0,0,1,3,20,0,9,0,5,0,1,8,0,0
2010-01-27,0,0,0,0,0,0,0,0,0,0,0,0,0,0,0,0,0
2010-01-28,0,0,0,0,0,0,12,0,9,0,5,0,0,6,0,0,0
2010-01-29,0,0,0,0,0,0,0,0,0,0,0,0,0,0,0,0,0
2010-01-30,0,0,1,0,0,3,8,14,1,9,0,2,0,6,12,0,6
2010-01-31,0,0,0,0,0,0,0,0,0,0,0,0,0,0,0,0,0
2010-02-01,0,0,0,0,0,0,0,0,0,0,0,0,0,0,0,0,0
2010-02-02,0,0,0,4,0,1,8,11,1,5,0,0,0,11,3,0,0
2010-02-03,0,0,0,0,0,0,0,0,0,0,0,0,0,0,0,0,0
2010-02-04,0,0,0,0,0,1,0,0,0,0,18,2,4,1,0,0,0
2010-02-05,0,0,0,0,0,0,0,0,0,0,0,0,0,0,0,0,0
2010-02-06,0,0,0,0,0,0,0,1,0,0,2,17,1,7,0,0,0
2010-02-07,0,0,0,0,0,0,0,0,0,0,0,0,0,0,0,0,0
2010-02-08,0,0,0,0,0,0,0,0,0,0,0,0,0,0,0,0,0
2010-02-09,0,0,0,0,0,0,0,0,2,5,25,3,2,12,0,0,0
2010-02-10,0,0,0,0,0,0,0,0,0,0,0,0,0,0,0,0,0
2010-02-11,0,0,0,0,0,0,0,0,2,4,7,1,0,14,18,0,0
2010-02-12,0,0,0,0,0,0,0,0,0,0,0,0,0,0,0,0,0
2010-02-13,0,0,0,0,0,0,0,0,0,0,0,0,0,0,0,0,0
2010-02-14,0,0,0,0,0,0,0,0,0,0,0,0,0,0,0,0,0
2010-02-15,0,0,0,0,0,0,0,0,0,0,0,0,0,0,0,0,0
2010-02-16,0,0,0,0,0,0,0,0,0,1,5,5,0,0,0,0,0
2010-02-17,0,0,0,0,0,0,0,0,0,0,0,0,0,0,0,0,0
2010-02-18,0,0,0,0,0,3,0,1,2,15,2,4,2,0,0,0,0
2010-02-19,0,0,0,0,0,0,0,0,0,0,0,0,0,0,0,0,0
2010-02-20,0,0,0,0,0,0,0,0,0,0,0,0,0,0,0,0,0
2010-02-21,0,0,0,0,0,0,0,0,0,0,0,0,0,0,0,0,0
2010-02-22,0,0,0,0,0,0,0,0,0,0,0,0,0,0,0,0,0
2010-02-23,0,0,0,0,1,0,3,0,17,0,6,0,0,7,0,1,0
2010-02-24,0,0,0,0,0,0,0,0,0,0,0,0,0,0,0,0,0
2010-02-25,0,0,0,0,1,0,3,10,4,0,11,0,0,10,0,0,0
2010-02-26,0,0,0,0,0,0,0,0,0,0,0,0,0,0,0,0,0
2010-02-27,0,0,0,0,0,3,0,10,6,3,1,13,0,0,0,0,0
2010-02-28,0,0,0,0,0,0,0,0,0,0,0,0,0,0,0,0,0
2010-03-01,0,0,0,0,0,0,0,0,0,0,0,0,0,0,0,0,0
2010-03-02,0,0,0,0,0,16,0,5,1,11,0,6,0,0,0,0,0
2010-03-03,0,0,0,0,0,0,0,0,0,0,0,0,0,0,0,0,0
2010-03-04,0,0,0,0,12,0,7,0,0,8,6,0,0,5,0,0,0
2010-03-05,0,0,0,0,0,0,0,0,0,0,0,0,0,0,0,0,0
2010-03-06,0,0,0,0,12,0,19,3,0,0,9,1,0,37,0,0,0
2010-03-07,0,0,0,0,0,0,0,0,0,0,0,0,0,0,0,0,0
2010-03-08,0,0,0,0,0,0,0,0,0,0,0,0,0,0,0,0,0
2010-03-09,0,1,0,0,0,0,6,7,17,0,0,0,0,0,0,0,0
2010-03-10,0,0,0,0,0,0,0,0,0,0,0,0,0,0,0,0,0
2010-03-11,0,0,0,10,0,4,3,6,0,0,0,0,0,0,0,0,1
2010-03-12,0,0,0,0,0,0,0,0,0,0,0,0,0,0,0,0,0
2010-03-13,0,0,0,12,0,8,3,3,0,0,0,0,0,0,0,0,0
2010-03-14,0,0,0,0,0,0,0,0,0,0,0,0,0,0,0,0,0
2010-03-15,0,0,0,0,0,0,0,0,0,0,0,0,0,0,0,0,0
2010-03-16,0,0,1,20,3,7,0,0,0,0,0,0,0,0,0,0,1
2010-03-17,0,0,0,0,0,0,0,0,0,0,0,0,0,0,0,0,0
2010-03-18,0,0,0,25,1,0,1,0,0,0,0,0,0,0,0,0,0
2010-03-19,0,0,0,0,0,0,0,0,0,0,0,0,0,0,0,0,0
2010-03-20,0,0,1,16,1,11,0,2,0,0,0,0,0,0,0,0,0
2010-03-21,0,0,0,0,0,0,0,0,0,0,0,0,0,0,0,0,0
2010-03-22,0,0,0,0,0,0,0,0,0,0,0,0,0,0,0,0,0
2010-03-23,0,0,0,15,4,0,0,0,0,0,0,0,0,0,0,0,1
2010-03-24,0,0,0,0,0,0,0,0,0,0,0,0,0,0,0,0,0
2010-03-25,0,0,0,30,1,1,2,0,0,0,0,0,0,0,0,0,0
2010-03-26,0,0,0,0,0,0,0,0,0,0,0,0,0,0,0,0,0
2010-03-27,0,0,2,20,12,2,0,0,0,0,0,0,0,0,0,0,0
2010-03-28,0,0,0,0,0,0,0,0,0,0,0,0,0,0,0,0,0
2010-03-29,0,0,0,0,0,0,0,0,0,0,0,0,0,0,0,0,0
2010-03-30,0,0,0,40,5,0,0,0,0,0,0,0,0,0,0,0,0
2010-03-31,0,0,0,0,0,0,0,0,0,0,0,0,0,0,0,0,0
2010-04-01,0,0,0,30,3,0,0,0,0,0,0,0,0,0,0,0,0
2010-04-02,0,0,0,0,0,0,0,0,0,0,0,0,0,0,0,0,0
2010-04-03,1,0,0,20,0,8,0,0,0,0,0,0,0,0,0,0,0
2010-04-04,0,0,0,0,0,0,0,0,0,0,0,0,0,0,0,0,0
2010-04-05,0,0,0,0,0,0,0,0,0,0,0,0,0,0,0,0,0
2010-04-06,0,0,0,32,0,17,0,1,3,0,0,0,0,0,0,0,0
2010-04-07,0,0,0,0,0,0,0,0,0,0,0,0,0,0,0,0,0
2010-04-08,0,0,0,14,20,2,0,0,0,0,0,0,0,0,0,0,0
2010-04-09,0,0,0,0,0,0,0,0,0,0,0,0,0,0,0,0,0
2010-04-10,0,0,0,27,0,4,0,0,0,0,0,0,0,0,0,1,0
2010-04-11,0,0,0,0,0,0,0,0,0,0,0,0,0,0,0,0,0
2010-04-12,0,0,0,0,0,0,0,0,0,0,0,0,0,0,0,0,0
2010-04-13,0,0,0,28,2,0,0,1,0,0,0,0,0,0,0,0,0
2010-04-14,0,0,0,0,0,0,0,0,0,0,0,0,0,0,0,0,0
2010-04-15,0,0,0,13,0,0,0,0,0,0,0,0,0,0,0,0,0
2010-04-16,0,0,0,0,0,0,0,0,0,0,0,0,0,0,0,0,0
2010-04-17,0,0,0,29,2,3,0,1,0,0,0,0,0,0,0,0,0
2010-04-18,0,0,0,0,0,0,0,0,0,0,0,0,0,0,0,0,0
2010-04-19,0,0,0,0,0,0,0,0,0,0,0,0,0,0,0,0,0
2010-04-20,0,0,31,1,8,0,4,0,0,0,0,0,0,2,0,0,0
2010-04-21,0,0,0,0,0,0,0,0,0,0,0,0,0,0,0,0,0
2010-04-22,0,0,0,23,3,8,2,3,0,3,0,0,0,0,0,0,0
2010-04-23,0,0,0,0,0,0,0,0,0,0,0,0,0,0,0,0,0
2010-04-24,0,0,0,19,0,2,1,0,0,0,0,0,0,0,0,0,0
2010-04-25,0,0,0,0,0,0,0,0,0,0,0,0,0,0,0,0,0
2010-04-26,0,0,0,0,0,0,0,0,0,0,0,0,0,0,0,0,0
2010-04-27,0,0,0,0,1,23,0,12,0,0,0,0,0,0,0,0,0
2010-04-28,0,0,0,0,0,0,0,0,0,0,0,0,0,0,0,0,0
2010-04-29,0,0,0,1,9,10,0,10,0,3,0,0,0,0,0,0,0
2010-04-30,0,0,0,0,0,0,0,0,0,0,0,0,0,0,0,0,0
2010-05-01,0,0,0,0,0,1,0,29,0,2,0,0,0,0,0,0,0
2010-05-02,0,0,0,0,0,0,0,0,0,0,0,0,0,0,0,0,0
2010-05-03,0,0,0,0,0,0,0,0,0,0,0,0,0,0,0,0,0
2010-05-04,0,0,0,0,0,0,0,8,3,13,8,0,0,0,0,0,0
2010-05-05,0,0,0,0,0,0,0,0,0,0,0,0,0,0,0,0,0
2010-05-06,0,0,0,0,0,0,9,9,7,0,0,0,0,0,0,0,1
2010-05-07,0,0,0,0,0,0,0,0,0,0,0,0,0,0,0,0,0
2010-05-08,0,0,0,6,0,5,2,16,0,0,0,1,0,1,2,1,0
2010-05-09,0,0,0,0,0,0,0,0,0,0,0,0,0,0,0,0,0
2010-05-10,0,0,0,0,0,0,0,0,0,0,0,0,0,0,0,0,0
2010-05-11,0,0,0,13,3,2,4,6,0,0,0,0,0,0,0,0,0
2010-05-12,0,0,0,0,0,0,0,0,0,0,0,0,0,0,0,0,0
2010-05-13,0,0,0,15,8,0,0,7,0,0,0,0,1,0,0,0,0
2010-05-14,0,0,0,0,0,0,0,0,0,0,0,0,0,0,0,0,0
2010-05-15,0,0,0,20,3,0,0,7,5,0,0,4,0,0,4,0,0
2010-05-16,0,0,0,0,0,0,0,0,0,0,0,0,0,0,0,0,0
2010-05-17,0,0,0,0,0,0,0,0,0,0,0,0,0,0,0,0,0
2010-05-18,0,0,0,17,4,1,1,2,0,2,0,0,0,0,0,0,0
2010-05-19,0,0,0,0,0,0,0,0,0,0,0,0,0,0,0,0,0
2010-05-20,0,0,0,23,4,3,2,2,0,0,0,0,0,0,2,0,0
2010-05-21,0,0,0,0,0,0,0,0,0,0,0,0,0,0,0,0,0
2010-05-22,0,0,0,17,0,2,0,0,0,7,0,0,0,0,0,0,0
2010-05-23,0,0,0,0,0,0,0,0,0,0,0,0,0,0,0,0,0
2010-05-24,0,0,0,0,0,0,0,0,0,0,0,0,0,0,0,0,0
2010-05-25,0,0,0,9,2,0,1,9,0,0,0,2,0,0,0,0,1
2010-05-26,0,0,0,0,0,0,0,0,0,0,0,0,0,0,0,0,0
2010-05-27,0,0,0,15,3,1,0,0,3,0,0,0,0,2,0,0,0
2010-05-28,0,0,0,0,0,0,0,0,0,0,0,0,0,0,0,0,0
2010-05-29,0,0,23,5,4,2,1,0,0,0,0,0,0,15,0,0,0
2010-05-30,0,0,0,0,0,0,0,0,0,0,0,0,0,0,0,0,0
2010-05-31,0,0,0,0,0,0,0,0,0,0,0,0,0,0,0,0,0
2010-06-01,0,0,0,0,0,0,6,13,0,0,0,0,0,0,4,0,0
2010-06-02,0,0,0,0,0,0,0,0,0,0,0,0,0,0,0,0,0
2010-06-03,0,0,0,0,0,1,2,7,0,0,0,1,0,0,0,0,0
2010-06-04,0,0,0,0,0,0,0,0,0,0,0,0,0,0,0,0,0
2010-06-05,0,0,0,0,0,3,17,0,7,0,0,0,0,3,0,0,0
2010-06-06,0,0,0,0,0,0,0,0,0,0,0,0,0,0,0,0,0
2010-06-07,0,0,0,0,0,0,0,0,0,0,0,0,0,0,0,0,0
2010-06-08,0,0,0,0,0,10,2,13,0,0,0,0,0,0,4,0,0
2010-06-09,0,0,0,0,0,0,0,0,0,0,0,0,0,0,0,0,0
2010-06-10,0,0,0,0,0,2,10,1,2,0,0,0,0,5,0,0,0
2010-06-11,0,0,0,0,0,0,0,0,0,0,0,0,0,0,0,0,0
2010-06-12,0,0,0,0,3,3,20,0,4,0,0,0,0,5,0,0,0
2010-06-13,0,0,0,0,0,0,0,0,0,0,0,0,0,0,0,0,0
2010-06-14,0,0,0,0,0,0,0,0,0,0,0,0,0,0,0,0,0
2010-06-15,0,0,0,0,0,2,8,0,0,0,0,0,0,37,0,0,0
2010-06-16,0,0,0,0,0,0,0,0,0,0,0,0,0,0,0,0,0
2010-06-17,0,0,0,0,2,2,19,0,3,0,0,0,0,5,0,0,0
2010-06-18,0,0,0,0,0,0,0,0,0,0,0,0,0,0,0,0,0
2010-06-19,0,0,0,0,0,3,0,7,2,0,0,2,0,0,1,0,0
2010-06-20,0,0,0,0,0,0,0,0,0,0,0,0,0,0,0,0,0
2010-06-21,0,0,0,0,0,0,0,0,0,0,0,0,0,0,0,0,0
2010-06-22,0,0,0,0,0,0,0,0,2,3,12,0,0,8,0,2,0
2010-06-23,0,0,0,0,0,0,0,0,0,0,0,0,0,0,0,0,0
2010-06-24,0,0,0,0,0,1,34,0,0,0,0,0,0,2,0,0,0
2010-06-25,0,0,0,0,0,0,0,0,0,0,0,0,0,0,0,0,0
2010-06-26,0,0,0,0,0,0,0,21,0,6,0,0,0,0,0,0,0
2010-06-27,0,0,0,0,0,0,0,0,0,0,0,0,0,0,0,0,0
2010-06-28,0,0,0,0,0,0,0,0,0,0,0,0,0,0,0,0,0
2010-06-29,0,0,0,0,0,2,1,29,0,0,0,0,0,0,2,0,0
2010-06-30,0,0,0,0,0,0,0,0,0,0,0,0,0,0,0,0,0
2010-07-01,0,0,0,0,0,5,2,0,4,13,3,0,0,0,2,0,0
2010-07-02,0,0,0,0,0,0,0,0,0,0,0,0,0,0,0,0,0
2010-07-03,0,0,0,0,0,0,0,0,23,0,0,0,0,1,0,0,0
2010-07-04,0,0,0,0,0,0,0,0,0,0,0,0,0,0,0,0,0
2010-07-05,0,0,0,0,0,0,0,0,0,0,0,0,0,0,0,0,0
2010-07-06,0,0,0,0,1,0,1,2,27,0,0,0,0,3,0,0,0
2010-07-07,0,0,0,0,0,0,0,0,0,0,0,0,0,0,0,0,0
2010-07-08,0,0,0,0,0,1,0,2,23,0,0,0,0,1,0,0,0
2010-07-09,0,0,0,0,0,0,0,0,0,0,0,0,0,0,0,0,0
2010-07-10,0,0,0,0,2,0,0,0,22,0,10,0,0,1,0,0,0
2010-07-11,0,0,0,0,0,0,0,0,0,0,0,0,0,0,0,0,0
2010-07-12,0,0,0,0,0,0,0,0,0,0,0,0,0,0,0,0,0
2010-07-13,0,0,0,0,0,0,0,1,1,18,0,2,0,0,0,0,0
2010-07-14,0,0,0,0,0,0,0,0,0,0,0,0,0,0,0,0,0
2010-07-15,0,0,0,0,1,0,0,1,30,0,5,0,0,2,0,0,0
2010-07-16,0,0,0,0,0,0,0,0,0,0,0,0,0,0,0,0,0
2010-07-17,0,0,0,0,0,0,0,0,0,38,0,0,0,0,0,0,0
2010-07-18,0,0,0,0,0,0,0,0,0,0,0,0,0,0,0,0,0
2010-07-19,0,0,0,0,0,0,0,0,0,0,0,0,0,0,0,0,0
2010-07-20,0,0,0,0,2,0,0,7,43,6,0,0,0,1,0,0,0
2010-07-21,0,0,0,0,0,0,0,0,0,0,0,0,0,0,0,0,0
2010-07-22,0,0,0,0,0,0,0,3,15,0,0,0,0,2,0,0,0
2010-07-23,0,0,0,0,0,0,0,0,0,0,0,0,0,0,0,0,0
2010-07-24,0,0,0,0,3,2,2,6,19,0,13,0,0,3,0,1,0
2010-07-25,0,0,0,0,0,0,0,0,0,0,0,0,0,0,0,0,0
2010-07-26,0,0,0,0,0,0,0,0,0,0,0,0,0,0,0,0,0
2010-07-27,0,0,0,0,1,0,0,1,34,0,0,0,0,4,0,0,0
2010-07-28,0,0,0,0,0,0,0,0,0,0,0,0,0,0,0,0,0
2010-07-29,0,0,0,0,2,0,0,4,41,0,0,0,0,14,0,2,0
2010-07-30,0,0,0,0,0,0,0,0,0,0,0,0,0,0,0,0,0
2010-07-31,0,0,0,0,2,0,0,0,28,0,0,0,0,14,0,2,0
2010-08-01,0,0,0,0,0,0,0,0,0,0,0,0,0,0,0,0,0
2010-08-02,0,0,0,0,0,0,0,0,0,0,0,0,0,0,0,0,0
2010-08-03,0,0,0,0,0,0,0,14,24,0,0,0,0,1,0,6,0
2010-08-04,0,0,0,0,0,0,0,0,0,0,0,0,0,0,0,0,0
2010-08-05,0,0,0,0,0,0,0,3,10,2,22,6,5,3,0,0,0
2010-08-06,0,0,0,0,0,0,0,0,0,0,0,0,0,0,0,0,0
2010-08-07,0,0,0,0,1,0,0,1,6,2,0,1,0,12,0,0,0
2010-08-08,0,0,0,0,0,0,0,0,0,0,0,0,0,0,0,0,0
2010-08-09,0,0,0,0,0,0,0,0,0,0,0,0,0,0,0,0,0
2010-08-10,0,0,0,0,3,0,0,8,5,3,9,0,0,17,0,3,0
2010-08-11,0,0,0,0,0,0,0,0,0,0,0,0,0,0,0,0,0
2010-08-12,0,0,0,0,0,3,0,0,3,7,10,9,2,0,0,0,0
2010-08-13,0,0,0,0,0,0,0,0,0,0,0,0,0,0,0,0,0
2010-08-14,0,0,0,0,0,1,0,3,3,8,15,8,0,15,0,0,3
2010-08-15,0,0,0,0,0,0,0,0,0,0,0,0,0,0,0,0,0
2010-08-16,0,0,0,0,0,0,0,0,0,0,0,0,0,0,0,0,0
2010-08-17,0,0,0,0,2,0,0,4,2,0,30,1,0,16,0,0,0
2010-08-18,0,0,0,0,0,0,0,0,0,0,0,0,0,0,0,0,0
2010-08-19,0,0,0,0,5,0,0,5,0,3,29,5,0,8,0,0,0
2010-08-20,0,0,0,0,0,0,0,0,0,0,0,0,0,0,0,0,0
2010-08-21,0,0,0,0,0,0,0,0,5,5,40,1,1,4,0,0,0
2010-08-22,0,0,0,0,0,0,0,0,0,0,0,0,0,0,0,0,0
2010-08-23,0,0,0,0,0,0,0,0,0,0,0,0,0,0,0,0,0
2010-08-24,0,0,0,0,0,5,10,2,0,8,9,14,0,0,2,0,0
2010-08-25,0,0,0,0,0,0,0,0,0,0,0,0,0,0,0,0,0
2010-08-26,0,0,0,0,0,0,0,11,4,8,0,2,0,0,0,0,0
2010-08-27,0,0,0,0,0,0,0,0,0,0,0,0,0,0,0,0,0
2010-08-28,0,0,0,0,3,0,0,7,10,7,11,0,0,9,0,0,0
2010-08-29,0,0,0,0,0,0,0,0,0,0,0,0,0,0,0,0,0
2010-08-30,0,0,0,0,0,0,0,0,0,0,0,0,0,0,0,0,0
2010-08-31,0,0,0,0,0,0,0,0,13,27,15,0,0,8,0,1,0
2010-09-01,0,0,0,0,0,0,0,0,0,0,0,0,0,0,0,0,0
2010-09-02,0,0,0,0,0,0,0,8,3,17,1,0,0,0,0,0,0
2010-09-03,0,0,0,0,0,0,0,0,0,0,0,0,0,0,0,0,0
2010-09-04,0,0,0,0,0,0,27,2,7,0,0,0,0,1,0,0,0
2010-09-05,0,0,0,0,0,0,0,0,0,0,0,0,0,0,0,0,0
2010-09-06,0,0,0,0,0,0,0,0,0,0,0,0,0,0,0,0,0
2010-09-07,0,0,0,0,0,0,40,5,0,1,0,0,0,2,0,2,0
2010-09-08,0,0,0,0,0,0,0,0,0,0,0,0,0,0,0,0,0
2010-09-09,0,0,0,0,1,3,27,0,1,0,6,0,0,1,0,0,0
2010-09-10,0,0,0,0,0,0,0,0,0,0,0,0,0,0,0,0,0
2010-09-11,0,0,0,0,0,0,5,2,32,1,1,0,0,3,0,1,0
2010-09-12,0,0,0,0,0,0,0,0,0,0,0,0,0,0,0,0,0
2010-09-13,0,0,0,0,0,0,0,0,0,0,0,0,0,0,0,0,0
2010-09-14,0,0,0,0,0,0,0,8,3,8,0,0,0,0,0,0,0
2010-09-15,0,0,0,0,0,0,0,0,0,0,0,0,0,0,0,0,0
2010-09-16,0,0,0,0,1,2,2,8,0,3,0,0,0,0,0,0,2
2010-09-17,0,0,0,0,0,0,0,0,0,0,0,0,0,0,0,0,0
2010-09-18,0,0,0,0,0,0,5,1,24,0,0,0,4,14,0,1,0
2010-09-19,0,0,0,0,0,0,0,0,0,0,0,0,0,0,0,0,0
2010-09-20,0,0,0,0,0,0,0,0,0,0,0,0,0,0,0,0,0
2010-09-21,0,0,0,0,0,0,4,3,32,0,0,0,0,4,0,0,0
2010-09-22,0,0,0,0,0,0,0,0,0,0,0,0,0,0,0,0,0
2010-09-23,0,0,0,0,0,3,11,16,0,12,0,0,0,0,0,0,0
2010-09-24,0,0,0,0,0,0,0,0,0,0,0,0,0,0,0,0,0
2010-09-25,0,0,0,0,1,0,0,9,7,9,1,0,0,0,0,0,0
2010-09-26,0,0,0,0,0,0,0,0,0,0,0,0,0,0,0,0,0
2010-09-27,0,0,0,0,0,0,0,0,0,0,0,0,0,0,0,0,0
2010-09-28,0,0,0,0,0,0,0,21,5,21,1,0,0,1,0,0,0
2010-09-29,0,0,0,0,0,0,0,0,0,0,0,0,0,0,0,0,0
2010-09-30,0,0,0,0,0,0,0,5,7,7,8,0,0,3,9,0,0
2010-10-01,0,0,0,0,0,0,0,0,0,0,0,0,0,0,0,0,0
2010-10-02,0,0,0,0,0,0,0,6,0,4,0,0,0,0,0,0,0
2010-10-03,0,0,0,0,0,0,0,0,0,0,0,0,0,0,0,0,0
2010-10-04,0,0,0,0,0,0,0,0,0,0,0,0,0,0,0,0,0
2010-10-05,0,0,0,0,0,1,0,21,10,9,6,0,0,3,2,0,0
2010-10-06,0,0,0,0,0,0,0,0,0,0,0,0,0,0,0,0,0
2010-10-07,0,0,0,0,1,0,0,0,0,12,2,0,0,12,0,4,0
2010-10-08,0,0,0,0,0,0,0,0,0,0,0,0,0,0,0,0,0
2010-10-09,0,0,0,0,0,0,4,5,11,0,0,0,0,8,0,2,0
2010-10-10,0,0,0,0,0,0,0,0,0,0,0,0,0,0,0,0,0
2010-10-11,0,0,0,0,0,0,0,0,0,0,0,0,0,0,0,0,0
2010-10-12,0,0,0,0,0,0,0,6,7,9,0,0,0,0,0,0,0
2010-10-13,0,0,0,0,0,0,0,0,0,0,0,0,0,0,0,0,0
2010-10-14,0,0,0,0,0,12,0,21,0,2,0,0,0,0,0,0,1
2010-10-15,0,0,0,0,0,0,0,0,0,0,0,0,0,0,0,0,0
2010-10-16,0,0,0,0,0,0,48,3,4,17,2,1,0,8,0,1,0
2010-10-17,0,0,0,0,0,0,0,0,0,0,0,0,0,0,0,0,0
2010-10-18,0,0,0,0,0,0,0,0,0,0,0,0,0,0,0,0,0
2010-10-19,0,0,0,0,0,1,0,29,3,3,0,0,0,0,0,0,0
2010-10-20,0,0,0,0,0,0,0,0,0,0,0,0,0,0,0,0,0
2010-10-21,0,0,0,0,0,0,0,18,9,0,0,0,0,0,0,0,3
2010-10-22,0,0,0,0,0,0,0,0,0,0,0,0,0,0,0,0,0
2010-10-23,0,0,0,0,0,0,19,21,7,1,0,0,0,5,0,1,0
2010-10-24,0,0,0,0,0,0,0,0,0,0,0,0,0,0,0,0,0
2010-10-25,0,0,0,0,0,0,0,0,0,0,0,0,0,0,0,0,0
2010-10-26,0,0,0,0,0,2,4,26,5,0,0,0,0,0,0,0,0
2010-10-27,0,0,0,0,0,0,0,0,0,0,0,0,0,0,0,0,0
2010-10-28,0,0,0,0,0,0,0,27,0,0,0,0,0,0,0,0,0
2010-10-29,0,0,0,0,0,0,0,0,0,0,0,0,0,0,0,0,0
2010-10-30,0,0,0,0,0,2,1,23,12,1,2,0,0,0,0,0,0
2010-10-31,0,0,0,0,0,0,0,0,0,0,0,0,0,0,0,0,0
2010-11-01,0,0,0,0,0,0,0,0,0,0,0,0,0,0,0,0,0
2010-11-02,0,0,0,0,0,21,13,9,0,0,0,0,0,0,0,0,0
2010-11-03,0,0,0,0,0,0,0,0,0,0,0,0,0,0,0,0,0
2010-11-04,0,0,0,3,0,1,0,1,16,24,0,0,0,0,0,0,0
2010-11-05,0,0,0,0,0,0,0,0,0,0,0,0,0,0,0,0,0
2010-11-06,0,0,0,1,2,11,5,5,11,0,0,0,0,0,0,0,0
2010-11-07,0,0,0,0,0,0,0,0,0,0,0,0,0,0,0,0,0
2010-11-08,0,0,0,0,0,0,0,0,0,0,0,0,0,0,0,0,0
2010-11-09,0,0,0,16,2,0,0,3,14,0,0,0,0,0,0,0,0
2010-11-10,0,0,0,0,0,0,0,0,0,0,0,0,0,0,0,0,0
2010-11-11,0,0,1,8,2,5,1,6,8,0,0,0,0,0,0,0,0
2010-11-12,0,0,0,0,0,0,0,0,0,0,0,0,0,0,0,0,0
2010-11-13,0,0,0,0,0,0,0,0,0,0,0,0,0,0,0,0,0
2010-11-14,0,0,0,0,0,0,0,0,0,0,0,0,0,0,0,0,0
2010-11-15,0,0,0,0,0,0,0,0,0,0,0,0,0,0,0,0,0
2010-11-16,0,0,0,16,1,4,0,0,12,0,0,0,0,0,0,0,0
2010-11-17,0,0,0,0,0,0,0,0,0,0,0,0,0,0,0,0,0
2010-11-18,0,0,0,8,0,0,2,0,14,0,0,0,0,0,0,0,0
2010-11-19,0,0,0,0,0,0,0,0,0,0,0,0,0,0,0,0,0
2010-11-20,0,0,1,8,0,0,0,4,5,0,0,0,0,0,0,0,0
2010-11-21,0,0,0,0,0,0,0,0,0,0,0,0,0,0,0,0,0
2010-11-22,0,0,0,0,0,0,0,0,0,0,0,0,0,0,0,0,0
2010-11-23,0,0,0,2,0,11,0,0,10,0,0,0,0,0,0,0,0
2010-11-24,0,0,0,0,0,0,0,0,0,0,0,0,0,0,0,0,0
2010-11-25,0,0,0,3,2,0,0,5,6,0,0,0,0,0,0,0,0
2010-11-26,0,0,0,0,0,0,0,0,0,0,0,0,0,0,0,0,0
2010-11-27,0,0,0,10,0,3,0,0,7,0,0,0,0,0,0,0,0
2010-11-28,0,0,0,0,0,0,0,0,0,0,0,0,0,0,0,0,0
2010-11-29,0,0,0,0,0,0,0,0,0,0,0,0,0,0,0,0,0
2010-11-30,0,0,0,11,0,0,0,14,0,0,0,0,0,0,0,0,0
2010-12-01,0,0,0,0,0,0,0,0,0,0,0,0,0,0,0,0,0
2010-12-02,0,0,0,37,0,1,0,2,0,0,0,0,0,0,0,0,0
2010-12-03,0,0,0,0,0,0,0,0,0,0,0,0,0,0,0,0,0
2010-12-04,0,0,0,13,0,3,0,14,0,0,0,0,0,0,0,0,0
2010-12-05,0,0,0,0,0,0,0,0,0,0,0,0,0,0,0,0,0
2010-12-06,0,0,0,0,0,0,0,0,0,0,0,0,0,0,0,0,0
2010-12-07,0,0,0,7,0,1,0,0,8,0,0,0,0,0,0,0,0
2010-12-08,0,0,0,0,0,0,0,0,0,0,0,0,0,0,0,0,0
2010-12-09,0,0,0,24,1,7,0,1,15,1,0,1,0,0,0,0,0
2010-12-10,0,0,0,0,0,0,0,0,0,0,0,0,0,0,0,0,0
2010-12-11,0,0,0,22,1,5,0,0,8,0,0,0,0,1,0,0,0
2010-12-12,0,0,0,0,0,0,0,0,0,0,0,0,0,0,0,0,0
2010-12-13,0,0,0,0,0,0,0,0,0,0,0,0,0,0,0,0,0
2010-12-14,0,0,0,22,0,7,4,2,0,0,0,0,0,0,0,0,0
2010-12-15,0,0,0,0,0,0,0,0,0,0,0,0,0,0,0,0,0
2010-12-16,0,0,0,25,3,9,6,9,0,0,0,0,0,0,0,0,0
2010-12-17,0,0,0,0,0,0,0,0,0,0,0,0,0,0,0,0,0
2010-12-18,0,0,0,8,0,13,1,1,9,0,0,0,0,0,0,0,0
2010-12-19,0,0,0,0,0,0,0,0,0,0,0,0,0,0,0,0,0
2010-12-20,0,0,0,0,0,0,0,0,0,0,0,0,0,0,0,0,0
2010-12-21,0,0,0,20,0,12,1,0,0,0,0,0,0,0,0,0,0
2010-12-22,0,0,0,0,0,0,0,0,0,0,0,0,0,0,0,0,0
2010-12-23,0,0,0,17,0,17,5,0,12,0,0,0,0,0,0,0,0
2010-12-24,0,0,0,0,0,0,0,0,0,0,0,0,0,0,0,0,0
2010-12-25,0,0,0,3,1,4,6,4,14,2,1,0,0,0,0,0,0
2010-12-26,0,0,0,0,0,0,0,0,0,0,0,0,0,0,0,0,0
2010-12-27,0,0,0,0,0,0,0,0,0,0,0,0,0,0,0,0,0
2010-12-28,0,0,0,19,0,4,5,13,1,0,0,5,0,0,0,0,0
2010-12-29,0,0,0,0,0,0,0,0,0,0,0,0,0,0,0,0,0
2010-12-30,0,0,0,12,0,20,0,4,0,0,0,0,0,0,0,0,0
2010-12-31,0,0,0,0,0,0,0,0,0,0,0,0,0,0,0,0,0
2011-01-01,0,0,0,5,10,8,0,0,0,0,0,0,0,0,0,0,0
2011-01-02,0,0,0,0,0,0,0,0,0,0,0,0,0,0,0,0,0
2011-01-03,0,0,0,0,0,0,0,0,0,0,0,0,0,0,0,0,0
2011-01-04,0,0,9,3,11,0,0,0,0,0,0,0,0,0,0,0,0
2011-01-05,0,0,0,0,0,0,0,0,0,0,0,0,0,0,0,0,0
2011-01-06,0,0,20,1,11,0,0,4,0,0,0,0,0,0,0,0,0
2011-01-07,0,0,0,0,0,0,0,0,0,0,0,0,0,0,0,0,0
2011-01-08,0,0,0,10,27,1,3,0,0,2,0,0,0,3,0,0,0
2011-01-09,0,0,0,0,0,0,0,0,0,0,0,0,0,0,0,0,0
2011-01-10,0,0,0,0,0,0,0,0,0,0,0,0,0,0,0,0,0
2011-01-11,0,0,0,1,10,0,0,0,0,0,14,0,0,25,0,0,0
2011-01-12,0,0,0,0,0,0,0,0,0,0,0,0,0,0,0,0,0
2011-01-13,0,0,0,9,16,0,2,0,0,0,8,0,0,19,0,0,0
2011-01-14,0,0,0,0,0,0,0,0,0,0,0,0,0,0,0,0,0
2011-01-15,0,0,0,2,1,0,11,1,6,1,2,0,0,12,0,0,0
2011-01-16,0,0,0,0,0,0,0,0,0,0,0,0,0,0,0,0,0
2011-01-17,0,0,0,0,0,0,0,0,0,0,0,0,0,0,0,0,0
2011-01-18,0,0,0,0,1,6,13,7,4,0,1,0,0,22,0,0,0
2011-01-19,0,0,0,0,0,0,0,0,0,0,0,0,0,0,0,0,0
2011-01-20,0,0,0,2,0,3,3,0,0,0,11,0,0,27,0,0,0
2011-01-21,0,0,0,0,0,0,0,0,0,0,0,0,0,0,0,0,0
2011-01-22,0,0,0,0,6,0,0,11,0,0,0,0,0,13,22,0,0
2011-01-23,0,0,0,0,0,0,0,0,0,0,0,0,0,0,0,0,0
2011-01-24,0,0,0,0,0,0,0,0,0,0,0,0,0,0,0,0,0
2011-01-25,0,0,0,0,0,1,3,2,0,1,0,0,0,12,22,0,0
2011-01-26,0,0,0,0,0,0,0,0,0,0,0,0,0,0,0,0,0
2011-01-27,0,0,0,0,0,8,1,0,0,2,0,0,0,6,23,0,0
2011-01-28,0,0,0,0,0,0,0,0,0,0,0,0,0,0,0,0,0
2011-01-29,0,0,0,0,2,7,1,0,3,0,0,0,0,30,0,0,0
2011-01-30,0,0,0,0,0,0,0,0,0,0,0,0,0,0,0,0,0
2011-01-31,0,0,0,0,0,0,0,0,0,0,0,0,0,0,0,0,0
2011-02-01,0,0,0,0,0,1,1,0,0,3,2,20,4,4,15,0,0
2011-02-02,0,0,0,0,0,0,0,0,0,0,0,0,0,0,0,0,0
2011-02-03,0,0,0,19,0,0,6,3,0,0,0,0,0,0,0,0,0
2011-02-04,0,0,0,0,0,0,0,0,0,0,0,0,0,0,0,0,0
2011-02-05,0,0,0,0,1,0,11,0,0,0,6,0,0,2,0,0,1
2011-02-06,0,0,0,0,0,0,0,0,0,0,0,0,0,0,0,0,0
2011-02-07,0,0,0,0,0,0,0,0,0,0,0,0,0,0,0,0,0
2011-02-08,0,0,0,0,0,0,0,10,0,1,0,0,0,13,0,0,0
2011-02-09,0,0,0,0,0,0,0,0,0,0,0,0,0,0,0,0,0
2011-02-10,0,0,0,0,13,0,0,0,3,0,1,0,0,18,0,0,0
2011-02-11,0,0,0,0,0,0,0,0,0,0,0,0,0,0,0,0,0
2011-02-12,0,0,0,0,0,0,0,2,0,2,0,0,10,3,0,9,0
2011-02-13,0,0,0,0,0,0,0,0,0,0,0,0,0,0,0,0,0
2011-02-14,0,0,0,0,0,0,0,0,0,0,0,0,0,0,0,0,0
2011-02-15,0,0,0,0,0,3,5,5,3,13,0,0,0,0,7,0,0
2011-02-16,0,0,0,0,0,0,0,0,0,0,0,0,0,0,0,0,0
2011-02-17,0,0,0,0,0,0,0,0,0,0,0,0,0,0,0,0,0
2011-02-18,0,0,0,8,3,8,0,7,0,0,0,0,0,0,1,0,0
2011-02-19,0,0,0,0,0,1,0,25,0,7,0,0,0,0,4,0,0
2011-02-20,0,0,0,0,0,0,0,0,0,0,0,0,0,0,0,0,0
2011-02-21,0,0,0,0,0,0,0,0,0,0,0,0,0,0,0,0,0
2011-02-22,0,0,0,1,4,6,0,7,0,0,0,0,0,1,5,0,0
2011-02-23,0,0,0,0,0,0,0,0,0,0,0,0,0,0,0,0,0
2011-02-24,0,0,0,0,0,24,0,5,0,6,0,0,0,0,13,0,0
2011-02-25,0,0,0,0,0,0,0,0,0,0,0,0,0,0,0,0,0
2011-02-26,0,0,0,5,3,1,17,0,0,0,5,0,0,5,0,0,0
2011-02-27,0,0,0,0,0,0,0,0,0,0,0,0,0,0,0,0,0
2011-02-28,0,0,0,0,0,0,0,0,0,0,0,0,0,0,0,0,0
2011-03-01,0,0,21,0,11,2,0,0,4,0,0,0,0,14,0,0,0
2011-03-02,0,0,0,0,0,0,0,0,0,0,0,0,0,0,0,0,0
2011-03-03,0,0,0,11,1,7,0,0,0,0,0,0,0,0,8,0,0
2011-03-04,0,0,0,0,0,0,0,0,0,0,0,0,0,0,0,0,0
2011-03-05,0,0,0,24,1,4,2,2,0,0,0,0,0,0,0,0,0
2011-03-06,0,0,0,0,0,0,0,0,0,0,0,0,0,0,0,0,0
2011-03-07,0,0,0,0,0,0,0,0,0,0,0,0,0,0,0,0,0
2011-03-08,0,0,0,9,0,11,0,0,0,0,0,0,0,0,13,0,0
2011-03-09,0,0,0,0,0,0,0,0,0,0,0,0,0,0,0,0,0
2011-03-10,0,0,0,2,10,4,1,6,0,2,0,0,0,0,13,0,0
2011-03-11,0,0,0,0,0,0,0,0,0,0,0,0,0,0,0,0,0
2011-03-12,0,0,0,29,4,3,0,4,0,0,0,0,0,0,2,0,0
2011-03-13,0,0,0,0,0,0,0,0,0,0,0,0,0,0,0,0,0
2011-03-14,0,0,0,0,0,0,0,0,0,0,0,0,0,0,0,0,0
2011-03-15,0,0,0,18,0,2,0,8,0,0,0,0,0,0,1,0,0
2011-03-16,0,0,0,0,0,0,0,0,0,0,0,0,0,0,0,0,0
2011-03-17,0,0,0,3,0,9,0,0,0,0,0,0,0,0,12,0,1
2011-03-18,0,0,0,0,0,0,0,0,0,0,0,0,0,0,0,0,0
2011-03-19,0,0,0,12,5,9,0,1,0,0,0,0,0,0,0,0,0
2011-03-20,0,0,0,0,0,0,0,0,0,0,0,0,0,0,0,0,0
2011-03-21,0,0,0,0,0,0,0,0,0,0,0,0,0,0,0,0,0
2011-03-22,0,0,0,6,0,18,0,0,0,0,0,0,0,0,1,0,1
2011-03-23,0,0,0,0,0,0,0,0,0,0,0,0,0,0,0,0,0
2011-03-24,0,0,0,13,0,0,0,4,0,0,0,0,0,0,11,0,0
2011-03-25,0,0,0,0,0,0,0,0,0,0,0,0,0,0,0,0,0
2011-03-26,0,0,0,2,0,3,0,2,0,0,0,0,0,0,12,0,0
2011-03-27,0,0,0,0,0,0,0,0,0,0,0,0,0,0,0,0,0
2011-03-28,0,0,0,0,0,0,0,0,0,0,0,0,0,0,0,0,0
2011-03-29,0,0,0,15,0,3,0,3,0,0,0,0,0,0,0,0,0
2011-03-30,0,0,0,0,0,0,0,0,0,0,0,0,0,0,0,0,0
2011-03-31,0,0,0,25,4,2,0,0,0,0,0,0,0,0,0,0,1
2011-04-01,0,0,0,0,0,0,0,0,0,0,0,0,0,0,0,0,0
2011-04-02,0,0,0,15,1,9,0,1,0,0,0,0,0,0,10,0,0
2011-04-03,0,0,0,0,0,0,0,0,0,0,0,0,0,0,0,0,0
2011-04-04,0,0,0,0,0,0,0,0,0,0,0,0,0,0,0,0,0
2011-04-05,0,0,0,25,6,10,0,5,0,0,0,0,0,0,5,0,0
2011-04-06,0,0,0,0,0,0,0,0,0,0,0,0,0,0,0,0,0
2011-04-07,0,0,0,27,3,1,0,0,0,0,0,0,0,0,12,0,0
2011-04-08,0,0,0,0,0,0,0,0,0,0,0,0,0,0,0,0,0
2011-04-09,0,0,0,0,25,11,4,2,0,0,0,0,0,0,0,0,0
2011-04-10,0,0,0,0,0,0,0,0,0,0,0,0,0,0,0,0,0
2011-04-11,0,0,0,0,0,0,0,0,0,0,0,0,0,0,0,0,0
2011-04-12,0,0,0,14,0,5,0,0,0,0,0,0,0,0,6,0,0
2011-04-13,0,0,0,0,0,0,0,0,0,0,0,0,0,0,0,0,0
2011-04-14,0,0,0,28,0,2,0,3,0,0,0,1,0,0,0,0,0
2011-04-15,0,0,0,0,0,0,0,0,0,0,0,0,0,0,0,0,0
2011-04-16,0,0,0,14,2,11,0,1,0,7,0,0,0,0,3,0,0
2011-04-17,0,0,0,0,0,0,0,0,0,0,0,0,0,0,0,0,0
2011-04-18,0,0,0,0,0,0,0,0,0,0,0,0,0,0,0,0,0
2011-04-19,0,0,0,0,2,49,1,1,0,2,0,0,0,0,0,0,0
2011-04-20,0,0,0,0,0,0,0,0,0,0,0,0,0,0,0,0,0
2011-04-21,0,0,10,0,19,0,11,0,0,0,0,0,0,4,0,0,0
2011-04-22,0,0,0,0,0,0,0,0,0,0,0,0,0,0,0,0,0
2011-04-23,0,0,0,0,0,27,5,1,0,0,0,1,0,0,1,0,0
2011-04-24,0,0,0,0,0,0,0,0,0,0,0,0,0,0,0,0,0
2011-04-25,0,0,0,0,0,0,0,0,0,0,0,0,0,0,0,0,0
2011-04-26,0,0,0,11,1,11,3,1,0,3,0,0,0,0,0,0,0
2011-04-27,0,0,0,0,0,0,0,0,0,0,0,0,0,0,0,0,0
2011-04-28,0,0,0,0,1,21,0,0,0,0,0,0,0,2,6,0,0
2011-04-29,0,0,0,0,0,0,0,0,0,0,0,0,0,0,0,0,0
2011-04-30,0,0,21,0,10,0,4,0,1,0,0,0,0,10,0,0,0
2011-05-01,0,0,0,0,0,0,0,0,0,0,0,0,0,0,0,0,0
2011-05-02,0,0,0,0,0,0,0,0,0,0,0,0,0,0,0,0,0
2011-05-03,0,0,0,0,0,1,0,21,11,6,5,3,0,0,6,0,0
2011-05-04,0,0,0,0,0,0,0,0,0,0,0,0,0,0,0,0,0
2011-05-05,0,0,0,1,5,0,7,2,17,4,0,0,0,6,0,0,0
2011-05-06,0,0,0,0,0,0,0,0,0,0,0,0,0,0,0,0,0
2011-05-07,0,0,0,0,16,0,12,6,4,0,0,1,0,17,0,1,0
2011-05-08,0,0,0,0,0,0,0,0,0,0,0,0,0,0,0,0,0
2011-05-09,0,0,0,0,0,0,0,0,0,0,0,0,0,0,0,0,0
2011-05-10,0,2,0,0,21,2,2,1,16,1,1,1,1,26,0,0,1
2011-05-11,0,0,0,0,0,0,0,0,0,0,0,0,0,0,0,0,0
2011-05-12,0,0,0,0,10,0,10,0,5,6,0,0,0,0,2,0,1
2011-05-13,0,0,0,0,0,0,0,0,0,0,0,0,0,0,0,0,0
2011-05-14,0,0,0,0,13,7,1,9,4,7,0,0,0,0,1,0,0
2011-05-15,0,0,0,0,0,0,0,0,0,0,0,0,0,0,0,0,0
2011-05-16,0,0,0,0,0,0,0,0,0,0,0,0,0,0,0,0,0
2011-05-17,0,0,0,2,21,0,0,0,1,0,8,0,0,12,0,0,0
2011-05-18,0,0,0,0,0,0,0,0,0,0,0,0,0,0,0,0,0
2011-05-19,0,0,3,0,0,25,0,12,2,1,0,4,0,0,6,0,0
2011-05-20,0,0,0,0,0,0,0,0,0,0,0,0,0,0,0,0,0
2011-05-21,0,0,0,8,2,0,30,2,5,1,1,0,0,23,0,1,1
2011-05-22,0,0,0,0,0,0,0,0,0,0,0,0,0,0,0,0,0
2011-05-23,0,0,0,0,0,0,0,0,0,0,0,0,0,0,0,0,0
2011-05-24,0,0,0,0,2,18,4,10,1,5,1,1,1,6,11,0,0
2011-05-25,0,0,0,0,0,0,0,0,0,0,0,0,0,0,0,0,0
2011-05-26,0,0,0,25,14,0,7,0,0,0,0,0,0,8,0,0,0
2011-05-27,0,0,0,0,0,0,0,0,0,0,0,0,0,0,0,0,0
2011-05-28,0,0,0,0,0,26,2,1,0,0,0,0,0,13,29,0,3
2011-05-29,0,0,0,0,0,0,0,0,0,0,0,0,0,0,0,0,0
2011-05-30,0,0,0,0,0,0,0,0,0,0,0,0,0,0,0,0,0
2011-05-31,0,0,0,1,11,17,0,0,0,7,0,0,7,0,2,0,0
2011-06-01,0,0,0,0,0,0,0,0,0,0,0,0,0,0,0,0,0
2011-06-02,0,0,0,0,4,0,45,0,0,0,6,0,0,4,0,0,1
2011-06-03,0,0,0,0,0,0,0,0,0,0,0,0,0,0,0,0,0
2011-06-04,0,0,1,0,0,1,0,22,0,2,0,12,0,0,1,0,0
2011-06-05,0,0,0,0,0,0,0,0,0,0,0,0,0,0,0,0,0
2011-06-06,0,0,0,0,0,0,0,0,0,0,0,0,0,0,0,0,0
2011-06-07,0,0,0,0,0,0,0,52,0,0,0,0,0,11,3,0,0
2011-06-08,0,0,0,0,0,0,0,0,0,0,0,0,0,0,0,0,0
2011-06-09,0,0,0,0,19,2,11,9,1,0,0,0,0,1,0,0,0
2011-06-10,0,0,0,0,0,0,0,0,0,0,0,0,0,0,0,0,0
2011-06-11,0,0,0,0,0,2,14,12,2,2,9,1,0,0,4,0,2
2011-06-12,0,0,0,0,0,0,0,0,0,0,0,0,0,0,0,0,0
2011-06-13,0,0,0,0,0,0,0,0,0,0,0,0,0,0,0,0,0
2011-06-14,0,0,0,0,0,0,10,1,0,17,5,1,0,28,0,0,1
2011-06-15,0,0,0,0,0,0,0,0,0,0,0,0,0,0,0,0,0
2011-06-16,0,0,0,0,0,10,0,19,0,19,1,2,1,0,6,0,1
2011-06-17,0,0,0,0,0,0,0,0,0,0,0,0,0,0,0,0,0
2011-06-18,0,0,0,0,0,0,5,6,20,6,0,0,0,11,0,1,0
2011-06-19,0,0,0,0,0,0,0,0,0,0,0,0,0,0,0,0,0
2011-06-20,0,0,0,0,0,0,0,0,0,0,0,0,0,0,0,0,0
2011-06-21,0,0,0,0,0,0,0,26,1,9,7,2,0,1,0,0,0
2011-06-22,0,0,0,0,0,0,0,0,0,0,0,0,0,0,0,0,0
2011-06-23,0,0,0,0,1,0,19,2,20,0,0,0,0,10,0,0,1
2011-06-24,0,0,0,0,0,0,0,0,0,0,0,0,0,0,0,0,0
2011-06-25,0,0,0,0,0,1,0,23,2,5,0,6,0,0,1,0,0
2011-06-26,0,0,0,0,0,0,0,0,0,0,0,0,0,0,0,0,0
2011-06-27,0,0,0,0,0,0,0,0,0,0,0,0,0,0,0,0,0
2011-06-28,0,3,0,0,1,0,8,4,8,12,2,0,0,7,0,0,0
2011-06-29,0,0,0,0,0,0,0,0,0,0,0,0,0,0,0,0,0
2011-06-30,0,0,0,0,0,2,0,8,2,17,0,4,0,0,14,0,0
2011-07-01,0,0,0,0,0,0,0,0,0,0,0,0,0,0,0,0,0
2011-07-02,0,0,0,0,1,2,18,3,13,0,0,0,0,16,0,2,0
2011-07-03,0,0,0,0,0,0,0,0,0,0,0,0,0,0,0,0,0
2011-07-04,0,0,0,0,0,0,0,0,0,0,0,0,0,0,0,0,0
2011-07-05,0,0,0,0,0,0,0,5,14,13,0,0,1,8,4,0,4
2011-07-06,0,0,0,0,0,0,0,0,0,0,0,0,0,0,0,0,0
2011-07-07,0,0,0,0,0,0,0,0,30,0,6,0,0,33,0,1,1
2011-07-08,0,0,0,0,0,0,0,0,0,0,0,0,0,0,0,0,0
2011-07-09,0,0,0,0,2,0,2,8,20,0,0,1,0,17,0,0,1
2011-07-10,0,0,0,0,0,0,0,0,0,0,0,0,0,0,0,0,0
2011-07-11,0,0,0,0,0,0,0,0,0,0,0,0,0,0,0,0,0
2011-07-12,0,0,0,0,0,3,0,1,12,11,0,0,0,4,14,0,1
2011-07-13,0,0,0,0,0,0,0,0,0,0,0,0,0,0,0,0,0
2011-07-14,0,0,0,0,2,0,0,2,26,0,2,0,0,36,0,0,1
2011-07-15,0,0,0,0,0,0,0,0,0,0,0,0,0,0,0,0,0
2011-07-16,0,0,0,0,1,0,0,2,27,0,0,0,2,10,0,1,6
2011-07-17,0,0,0,0,0,0,0,0,0,0,0,0,0,0,0,0,0
2011-07-18,0,0,0,0,0,0,0,0,0,0,0,0,0,0,0,0,0
2011-07-19,0,0,0,0,4,0,0,3,9,0,0,0,0,40,0,0,2
2011-07-20,0,0,0,0,0,0,0,0,0,0,0,0,0,0,0,0,0
2011-07-21,0,0,0,0,0,0,0,14,0,15,0,1,0,13,17,0,0
2011-07-22,0,0,0,0,0,0,0,0,0,0,0,0,0,0,0,0,0
2011-07-23,0,0,0,0,4,0,20,0,2,0,2,0,0,9,0,0,5
2011-07-24,0,0,0,0,0,0,0,0,0,0,0,0,0,0,0,0,0
2011-07-25,0,0,0,0,0,0,0,0,0,0,0,0,0,0,0,0,0
2011-07-26,0,0,0,0,1,0,0,0,26,0,0,0,0,41,0,0,8
2011-07-27,0,0,0,0,0,0,0,0,0,0,0,0,0,0,0,0,0
2011-07-28,0,0,0,0,6,0,10,0,13,0,0,0,0,46,0,0,5
2011-07-29,0,0,0,0,0,0,0,0,0,0,0,0,0,0,0,0,0
2011-07-30,0,0,0,0,2,0,0,23,0,0,0,0,0,32,0,0,1
2011-07-31,0,0,0,0,0,0,0,0,0,0,0,0,0,0,0,0,0
2011-08-01,0,0,0,0,0,0,0,0,0,0,0,0,0,0,0,0,0
2011-08-02,0,0,0,0,3,0,0,0,2,0,0,0,0,45,2,0,2
2011-08-03,0,0,0,0,0,0,0,0,0,0,0,0,0,0,0,0,0
2011-08-04,0,0,0,0,2,1,15,2,0,0,0,1,1,30,0,0,1
2011-08-05,0,0,0,0,0,0,0,0,0,0,0,0,0,0,0,0,0
2011-08-06,0,0,0,0,1,0,0,0,0,0,0,0,0,20,0,0,6
2011-08-07,0,0,0,0,0,0,0,0,0,0,0,0,0,0,0,0,0
2011-08-08,0,0,0,0,0,0,0,0,0,0,0,0,0,0,0,0,0
2011-08-09,0,0,0,0,0,3,0,0,0,2,0,0,0,36,19,0,4
2011-08-10,0,0,0,0,0,0,0,0,0,0,0,0,0,0,0,0,0
2011-08-11,0,0,0,0,0,6,0,16,0,1,0,28,0,12,13,0,5
2011-08-12,0,0,0,0,0,0,0,0,0,0,0,0,0,0,0,0,0
2011-08-13,0,0,0,0,0,8,0,0,0,0,0,0,0,33,14,0,5
2011-08-14,0,0,0,0,0,0,0,0,0,0,0,0,0,0,0,0,0
2011-08-15,0,0,0,0,0,0,0,0,0,0,0,0,0,0,0,0,0
2011-08-16,0,0,0,0,0,2,0,0,3,0,0,0,0,5,51,0,1
2011-08-17,0,0,0,0,0,0,0,0,0,0,0,0,0,0,0,0,0
2011-08-18,0,0,0,0,1,0,0,0,0,0,0,0,0,62,0,0,1
2011-08-19,0,0,0,0,0,0,0,0,0,0,0,0,0,0,0,0,0
2011-08-20,0,0,0,0,0,4,0,0,0,0,0,0,1,12,23,0,2
2011-08-21,0,0,0,0,0,0,0,0,0,0,0,0,0,0,0,0,0
2011-08-22,0,0,0,0,0,0,0,0,0,0,0,0,0,0,0,0,0
2011-08-23,0,0,0,0,0,5,0,0,0,0,0,1,1,29,22,0,2
2011-08-24,0,0,0,0,0,0,0,0,0,0,0,0,0,0,0,0,0
2011-08-25,0,0,0,0,2,0,0,0,0,0,0,0,14,51,0,0,4
2011-08-26,0,0,0,0,0,0,0,0,0,0,0,0,0,0,0,0,0
2011-08-27,0,0,0,0,0,3,0,0,2,0,0,0,1,31,19,0,4
2011-08-28,0,0,0,0,0,0,0,0,0,0,0,0,0,0,0,0,0
2011-08-29,0,0,0,0,0,0,0,0,0,0,0,0,0,0,0,0,0
2011-08-30,0,0,0,0,0,0,0,0,0,0,0,32,0,22,0,1,5
2011-08-31,0,0,0,0,0,0,0,0,0,0,0,0,0,0,0,0,0
2011-09-01,0,0,0,0,1,0,0,0,6,10,16,0,0,12,0,0,1
2011-09-02,0,0,0,0,0,0,0,0,0,0,0,0,0,0,0,0,0
2011-09-03,0,0,0,0,1,0,0,0,0,1,24,1,8,23,0,0,0
2011-09-04,0,0,0,0,0,0,0,0,0,0,0,0,0,0,0,0,0
2011-09-05,0,0,0,0,0,0,0,0,0,0,0,0,0,0,0,0,0
2011-09-06,0,0,0,0,0,0,0,20,5,1,21,0,7,21,0,1,2
2011-09-07,0,0,0,0,0,0,0,0,0,0,0,0,0,0,0,0,0
2011-09-08,0,0,0,0,0,0,0,0,0,0,24,0,1,11,21,0,1
2011-09-09,0,0,0,0,0,0,0,0,0,0,0,0,0,0,0,0,0
2011-09-10,0,0,0,0,0,0,0,0,0,22,3,1,0,13,0,0,2
2011-09-11,0,0,0,0,0,0,0,0,0,0,0,0,0,0,0,0,0
2011-09-12,0,0,0,0,0,0,0,0,0,0,0,0,0,0,0,0,0
2011-09-13,0,0,0,0,0,0,0,0,0,0,0,21,16,3,0,0,0
2011-09-14,0,0,0,0,0,0,0,0,0,0,0,0,0,0,0,0,0
2011-09-15,0,0,0,0,0,0,0,0,0,11,15,1,0,9,0,0,0
2011-09-16,0,0,0,0,0,0,0,0,0,0,0,0,0,0,0,0,0
2011-09-17,0,0,0,0,0,0,0,0,11,0,0,15,10,11,26,0,0
2011-09-18,0,0,0,0,0,0,0,0,0,0,0,0,0,0,0,0,0
2011-09-19,0,0,0,0,0,0,0,0,0,0,0,0,0,0,0,0,0
2011-09-20,0,0,0,0,0,0,0,0,15,10,28,5,2,6,0,0,1
2011-09-21,0,0,0,0,0,0,0,0,0,0,0,0,0,0,0,0,0
2011-09-22,0,0,0,0,0,0,0,0,17,0,32,0,0,19,0,0,1
2011-09-23,0,0,0,0,0,0,0,0,0,0,0,0,0,0,0,0,0
2011-09-24,0,0,0,0,0,0,0,0,0,3,21,9,1,21,0,0,2
2011-09-25,0,0,0,0,0,0,0,0,0,0,0,0,0,0,0,0,0
2011-09-26,0,0,0,0,0,0,0,0,0,0,0,0,0,0,0,0,0
2011-09-27,0,0,0,0,0,0,0,0,1,4,20,13,1,0,6,0,6
2011-09-28,0,0,0,0,0,0,0,0,0,0,0,0,0,0,0,0,0
2011-09-29,0,0,0,0,0,0,0,0,0,13,0,10,1,33,11,0,7
2011-09-30,0,0,0,0,0,0,0,0,0,0,0,0,0,0,0,0,0
2011-10-01,0,0,0,0,1,0,0,0,1,23,5,13,0,0,7,0,1
2011-10-02,0,0,0,0,0,0,0,0,0,0,0,0,0,0,0,0,0
2011-10-03,0,0,0,0,0,0,0,0,0,0,0,0,0,0,0,0,0
2011-10-04,0,0,0,0,0,6,0,11,3,1,0,15,0,7,7,0,0
2011-10-05,0,0,0,0,0,0,0,0,0,0,0,0,0,0,0,0,0
2011-10-06,0,0,0,0,0,4,0,0,0,6,0,0,0,22,14,0,2
2011-10-07,0,0,0,0,0,0,0,0,0,0,0,0,0,0,0,0,0
2011-10-08,0,0,0,0,0,0,0,0,0,0,0,25,2,10,1,0,0
2011-10-09,0,0,0,0,0,0,0,0,0,0,0,0,0,0,0,0,0
2011-10-10,0,0,0,0,0,0,0,0,0,0,0,0,0,0,0,0,0
2011-10-11,0,0,0,0,0,0,2,3,26,12,4,0,0,0,0,0,0
2011-10-12,0,0,0,0,0,0,0,0,0,0,0,0,0,0,0,0,0
2011-10-13,0,0,0,0,0,0,0,0,0,23,3,0,0,6,0,0,0
2011-10-14,0,0,0,0,0,0,0,0,0,0,0,0,0,0,0,0,0
2011-10-15,0,0,0,0,0,0,0,2,8,6,2,0,0,0,7,0,0
2011-10-16,0,0,0,0,0,0,0,0,0,0,0,0,0,0,0,0,0
2011-10-17,0,0,0,0,0,0,0,0,0,0,0,0,0,0,0,0,0
2011-10-18,0,0,0,0,0,0,0,0,1,42,5,0,0,0,2,0,0
2011-10-19,0,0,0,0,0,0,0,0,0,0,0,0,0,0,0,0,0
2011-10-20,0,0,0,0,0,0,0,4,17,12,0,0,0,2,0,0,0
2011-10-21,0,0,0,0,0,0,0,0,0,0,0,0,0,0,0,0,0
2011-10-22,0,0,0,0,0,0,0,18,10,9,1,0,1,10,0,2,0
2011-10-23,0,0,0,0,0,0,0,0,0,0,0,0,0,0,0,0,0
2011-10-24,0,0,0,0,0,0,0,0,0,0,0,0,0,0,0,0,0
2011-10-25,0,0,0,1,5,4,4,6,4,0,0,0,0,0,0,0,0
2011-10-26,0,0,0,0,0,0,0,0,0,0,0,0,0,0,0,0,0
2011-10-27,0,0,0,0,0,0,12,9,0,13,2,2,0,0,10,0,0
2011-10-28,0,0,0,0,0,0,0,0,0,0,0,0,0,0,0,0,0
2011-10-29,0,0,0,0,0,19,0,0,0,4,0,3,1,0,0,0,0
2011-10-30,0,0,0,0,0,0,0,0,0,0,0,0,0,0,0,0,0
2011-10-31,0,0,0,0,0,0,0,0,0,0,0,0,0,0,0,0,0
2011-11-01,0,0,0,0,0,4,0,16,1,3,0,0,0,0,9,0,0
2011-11-02,0,0,0,0,0,0,0,0,0,0,0,0,0,0,0,0,0
2011-11-03,0,0,0,0,6,5,3,11,1,0,0,0,0,0,0,0,1
2011-11-04,0,0,0,0,0,0,0,0,0,0,0,0,0,0,0,0,0
2011-11-05,0,0,0,12,3,5,0,4,0,0,0,0,0,8,0,0,0
2011-11-06,0,0,0,0,0,0,0,0,0,0,0,0,0,0,0,0,0
2011-11-07,0,0,0,0,0,0,0,0,0,0,0,0,0,0,0,0,0
2011-11-08,0,0,2,0,7,0,14,0,1,0,0,0,0,8,0,0,1
2011-11-09,0,0,0,0,0,0,0,0,0,0,0,0,0,0,0,0,0
2011-11-10,0,0,0,6,1,0,0,2,0,0,0,0,0,9,0,0,0
2011-11-11,0,0,0,0,0,0,0,0,0,0,0,0,0,0,0,0,0
2011-11-12,0,0,0,11,16,7,0,3,0,0,0,0,0,2,0,0,0
2011-11-13,0,0,0,0,0,0,0,0,0,0,0,0,0,0,0,0,0
2011-11-14,0,0,0,0,0,0,0,0,0,0,0,0,0,0,0,0,0
2011-11-15,0,0,0,7,14,0,0,4,0,0,0,0,0,10,0,0,0
2011-11-16,0,0,0,0,0,0,0,0,0,0,0,0,0,0,0,0,0
2011-11-17,0,0,0,16,6,20,0,3,0,0,0,0,0,0,2,0,0
2011-11-18,0,0,0,0,0,0,0,0,0,0,0,0,0,0,0,0,0
2011-11-19,0,0,0,0,16,3,16,1,0,0,0,0,0,27,0,2,1
2011-11-20,0,0,0,0,0,0,0,0,0,0,0,0,0,0,0,0,0
2011-11-21,0,0,0,0,0,0,0,0,0,0,0,0,0,0,0,0,0
2011-11-22,0,0,0,5,2,21,0,0,0,0,0,0,0,0,1,0,0
2011-11-23,0,0,0,0,0,0,0,0,0,0,0,0,0,0,0,0,0
2011-11-24,0,0,0,7,0,10,0,0,0,2,0,0,0,0,14,0,0
2011-11-25,0,0,0,0,0,0,0,0,0,0,0,0,0,0,0,0,0
2011-11-26,0,0,0,0,0,17,9,0,0,2,0,0,0,0,1,0,0
2011-11-27,0,0,0,0,0,0,0,0,0,0,0,0,0,0,0,0,0
2011-11-28,0,0,0,0,0,0,0,0,0,0,0,0,0,0,0,0,0
2011-11-29,0,1,0,0,0,34,0,3,0,0,0,0,0,0,9,0,0
2011-11-30,0,0,0,0,0,0,0,0,0,0,0,0,0,0,0,0,0
2011-12-01,0,0,2,5,0,12,0,16,0,0,0,0,0,0,8,0,1
2011-12-02,0,0,0,0,0,0,0,0,0,0,0,0,0,0,0,0,0
2011-12-03,0,0,0,4,1,17,1,3,0,0,0,0,0,1,7,0,0
2011-12-04,0,0,0,0,0,0,0,0,0,0,0,0,0,0,0,0,0
2011-12-05,0,0,0,0,0,0,0,0,0,0,0,0,0,0,0,0,0
2011-12-06,0,1,0,1,6,5,3,11,0,4,0,0,0,0,8,0,0
2011-12-07,0,0,0,0,0,0,0,0,0,0,0,0,0,0,0,0,0
2011-12-08,0,0,0,1,5,5,1,0,3,0,0,0,0,0,8,0,0
2011-12-09,0,0,0,0,0,0,0,0,0,0,0,0,0,0,0,0,0
2011-12-10,0,0,0,0,0,32,1,0,0,0,0,0,0,0,4,0,0
2011-12-11,0,0,0,0,0,0,0,0,0,0,0,0,0,0,0,0,0
2011-12-12,0,0,0,0,0,0,0,0,0,0,0,0,0,0,0,0,0
2011-12-13,0,0,0,10,0,23,0,0,0,0,0,0,0,11,9,0,0
2011-12-14,0,0,0,0,0,0,0,0,0,0,0,0,0,0,0,0,0
2011-12-15,0,0,0,0,5,1,0,22,1,7,0,0,0,0,12,0,3
2011-12-16,0,0,0,0,0,0,0,0,0,0,0,0,0,0,0,0,0
2011-12-17,0,0,0,0,0,27,2,17,0,0,0,3,0,0,5,0,1
2011-12-18,0,0,0,0,0,0,0,0,0,0,0,0,0,0,0,0,0
2011-12-19,0,0,0,0,0,0,0,0,0,0,0,0,0,0,0,0,0
2011-12-20,0,0,0,0,0,22,8,2,0,0,0,7,0,0,1,0,1
2011-12-21,0,0,0,0,0,0,0,0,0,0,0,0,0,0,0,0,0
2011-12-22,0,0,0,0,1,23,0,9,0,0,0,0,0,0,9,0,0
2011-12-23,0,0,0,0,0,0,0,0,0,0,0,0,0,0,0,0,0
2011-12-24,0,0,0,0,1,18,6,2,0,0,0,0,0,0,2,0,0
2011-12-25,0,0,0,0,0,0,0,0,0,0,0,0,0,0,0,0,0
2011-12-26,0,0,0,0,0,0,0,0,0,0,0,0,0,0,0,0,0
2011-12-27,0,0,0,0,0,23,1,4,0,0,0,0,0,0,10,0,0
2011-12-28,0,0,0,0,0,0,0,0,0,0,0,0,0,0,0,0,0
2011-12-29,0,0,0,0,0,8,0,24,2,0,0,2,0,0,0,0,0
2011-12-30,0,0,0,0,0,0,0,0,0,0,0,0,0,0,0,0,0
2011-12-31,0,0,0,0,0,0,0,5,0,17,5,0,0,0,11,0,0
